{
    "name": "root",
    "gauges": {
        "MoveToTarget.Policy.Entropy.mean": {
            "value": 1.4058847427368164,
            "min": 1.4058847427368164,
            "max": 1.4058847427368164,
            "count": 1
        },
        "MoveToTarget.Policy.Entropy.sum": {
            "value": 70413.734375,
            "min": 70413.734375,
            "max": 70413.734375,
            "count": 1
        },
        "MoveToTarget.Environment.EpisodeLength.mean": {
            "value": 6.94897472579876,
            "min": 6.94897472579876,
            "max": 6.94897472579876,
            "count": 1
        },
        "MoveToTarget.Environment.EpisodeLength.sum": {
            "value": 43716.0,
            "min": 43716.0,
            "max": 43716.0,
            "count": 1
        },
        "MoveToTarget.Step.mean": {
            "value": 49994.0,
            "min": 49994.0,
            "max": 49994.0,
            "count": 1
        },
        "MoveToTarget.Step.sum": {
            "value": 49994.0,
            "min": 49994.0,
            "max": 49994.0,
            "count": 1
        },
        "MoveToTarget.Policy.ExtrinsicValueEstimate.mean": {
            "value": 0.10834023356437683,
            "min": 0.10834023356437683,
            "max": 0.10834023356437683,
            "count": 1
        },
        "MoveToTarget.Policy.ExtrinsicValueEstimate.sum": {
            "value": 681.5684204101562,
            "min": 681.5684204101562,
            "max": 681.5684204101562,
            "count": 1
        },
        "MoveToTarget.Environment.CumulativeReward.mean": {
            "value": 0.19224041978056924,
            "min": 0.19224041978056924,
            "max": 0.19224041978056924,
            "count": 1
        },
        "MoveToTarget.Environment.CumulativeReward.sum": {
            "value": 1209.0,
            "min": 1209.0,
            "max": 1209.0,
            "count": 1
        },
        "MoveToTarget.Policy.ExtrinsicReward.mean": {
            "value": 0.19224041978056924,
            "min": 0.19224041978056924,
            "max": 0.19224041978056924,
            "count": 1
        },
        "MoveToTarget.Policy.ExtrinsicReward.sum": {
            "value": 1209.0,
            "min": 1209.0,
            "max": 1209.0,
            "count": 1
        },
        "MoveToTarget.Losses.PolicyLoss.mean": {
            "value": 0.02546801167773083,
            "min": 0.02546801167773083,
            "max": 0.02546801167773083,
            "count": 1
        },
        "MoveToTarget.Losses.PolicyLoss.sum": {
            "value": 0.10187204671092331,
            "min": 0.10187204671092331,
            "max": 0.10187204671092331,
            "count": 1
        },
        "MoveToTarget.Losses.ValueLoss.mean": {
            "value": 0.4527930011351903,
            "min": 0.4527930011351903,
            "max": 0.4527930011351903,
            "count": 1
        },
        "MoveToTarget.Losses.ValueLoss.sum": {
            "value": 1.811172004540761,
            "min": 1.811172004540761,
            "max": 1.811172004540761,
            "count": 1
        },
        "MoveToTarget.Policy.LearningRate.mean": {
            "value": 0.00028463175512275,
            "min": 0.00028463175512275,
            "max": 0.00028463175512275,
            "count": 1
        },
        "MoveToTarget.Policy.LearningRate.sum": {
            "value": 0.001138527020491,
            "min": 0.001138527020491,
            "max": 0.001138527020491,
            "count": 1
        },
        "MoveToTarget.Policy.Epsilon.mean": {
            "value": 0.19487725000000006,
            "min": 0.19487725000000006,
            "max": 0.19487725000000006,
            "count": 1
        },
        "MoveToTarget.Policy.Epsilon.sum": {
            "value": 0.7795090000000002,
            "min": 0.7795090000000002,
            "max": 0.7795090000000002,
            "count": 1
        },
        "MoveToTarget.Policy.Beta.mean": {
            "value": 0.004744374775000001,
            "min": 0.004744374775000001,
            "max": 0.004744374775000001,
            "count": 1
        },
        "MoveToTarget.Policy.Beta.sum": {
            "value": 0.018977499100000003,
            "min": 0.018977499100000003,
            "max": 0.018977499100000003,
            "count": 1
        },
        "MoveToTarget.IsTraining.mean": {
            "value": 1.0,
            "min": 1.0,
            "max": 1.0,
            "count": 1
        },
        "MoveToTarget.IsTraining.sum": {
            "value": 1.0,
            "min": 1.0,
            "max": 1.0,
            "count": 1
        }
    },
    "metadata": {
        "timer_format_version": "0.1.0",
        "start_time_seconds": "1666998953",
        "python_version": "3.7.13 (default, Oct 19 2022, 10:19:43) [MSC v.1916 64 bit (AMD64)]",
        "command_line_arguments": "C:\\Users\\rvali\\miniconda3\\envs\\ml_agents\\Scripts\\mlagents-learn --run Test2 --force",
        "mlagents_version": "0.28.0",
        "mlagents_envs_version": "0.28.0",
        "communication_protocol_version": "1.5.0",
        "pytorch_version": "1.7.1+cu110",
        "numpy_version": "1.21.6",
        "end_time_seconds": "1666999204"
    },
    "total": 250.4559247,
    "count": 1,
    "self": 0.006505400000008876,
    "children": {
        "run_training.setup": {
            "total": 0.14795120000000006,
            "count": 1,
            "self": 0.14795120000000006
        },
        "TrainerController.start_learning": {
            "total": 250.3014681,
            "count": 1,
            "self": 0.5312344999997549,
            "children": {
                "TrainerController._reset_env": {
                    "total": 10.990889,
                    "count": 1,
                    "self": 10.990889
                },
                "TrainerController.advance": {
                    "total": 238.6401283000002,
                    "count": 15807,
                    "self": 0.48912489999887043,
                    "children": {
                        "env_step": {
                            "total": 145.76119200000127,
                            "count": 15807,
                            "self": 123.04969750000001,
                            "children": {
                                "SubprocessEnvManager._take_step": {
                                    "total": 22.42242340000009,
                                    "count": 15807,
                                    "self": 0.7553329999995633,
                                    "children": {
                                        "TorchPolicy.evaluate": {
                                            "total": 21.667090400000525,
                                            "count": 6261,
                                            "self": 14.01074930000073,
                                            "children": {
                                                "TorchPolicy.sample_actions": {
                                                    "total": 7.6563410999997945,
                                                    "count": 6261,
                                                    "self": 7.6563410999997945
                                                }
                                            }
                                        }
                                    }
                                },
                                "workers": {
                                    "total": 0.28907110000116987,
                                    "count": 15806,
                                    "self": 0.0,
                                    "children": {
                                        "worker_root": {
                                            "total": 233.79064329999818,
                                            "count": 15806,
                                            "is_parallel": true,
                                            "self": 138.97822989999838,